Name,HW,Quiz 1,Quiz 2,Prelim,Final Exam,mean,standard deviation
Alice,88,75,85,85,83,83.2,4.4
Bob,90,Ex,70,68,72,75,8.77496
Charlie,76,59,80,67,85,73.4,9.30806
Diego,84,80,95,79,80,83.6,5.95315
Eunice,95,96,92,94,90,93.4,2.15407
Flora,91,93,100,88,96,93.6,4.12795
mean,87.33333,80.6,87,80.16667,84.33333,83.7,5.78637
standard deviation,6.04612,13.33567,10,9.99027,7.54247,7.89662,2.55695
